,link,source,lean
0,https://www.npr.org/2021/02/22/967439914/as-cities-grapple-with-climate-change-gas-utilities-fight-to-stay-in-business,NPR,Centrist
1,https://www.npr.org/2021/02/21/969949310/mediterranean-oil-spill-injures-wildlife-closes-israels-beaches,NPR,Centrist
2,https://www.npr.org/2021/02/21/969527300/ropeless-lobster-fishing-could-save-the-whales-could-it-kill-the-industry,NPR,Centrist
3,https://www.npr.org/2021/02/19/969387323/u-s-officially-rejoins-paris-agreement-on-climate-change,NPR,Centrist
4,https://www.npr.org/2021/02/12/967432968/texas-is-defined-by-energy-how-did-the-states-power-grid-fail-so-massively,NPR,Centrist
5,https://www.npr.org/2021/02/16/968498810/how-octavia-butlers-sci-fi-dystopia-became-a-constant-in-a-mans-evolution,NPR,Centrist
6,https://www.npr.org/2021/02/16/968357225/texas-governor-calls-for-investigation-into-group-that-manages-state-power-grid,NPR,Centrist
7,https://www.npr.org/2021/02/15/967377462/pillagers-of-tropical-forests-cant-hide-behind-clouds-anymore,NPR,Centrist
8,https://www.npr.org/2021/02/10/966424041/saving-sea-level-records-what-historical-records-tell-us-about-the-rising-ocean,NPR,Centrist
9,https://www.npr.org/2021/02/10/965335665/facing-a-reckoning-wyoming-wrestles-with-a-transition-from-fossil-fuels,NPR,Centrist
10,https://www.npr.org/2021/02/09/965830153/when-defending-the-land-puts-your-own-life-at-risk,NPR,Centrist
11,https://www.npr.org/2021/02/08/965372754/elon-musk-funds-100-million-xprize-for-pursuit-of-new-carbon-removal-ideas,NPR,Centrist
12,https://www.npr.org/2021/02/08/965306203/under-a-white-sky-examines-what-it-might-take-for-humans-to-continue-to-exist,NPR,Centrist
13,https://www.npr.org/2021/02/08/963673676/near-coasts-rising-seas-could-also-push-up-long-buried-toxic-contamination,NPR,Centrist
14,https://www.npr.org/2021/02/03/963667177/biden-promises-to-grapple-with-environmental-racism,NPR,Centrist
15,https://www.npr.org/2021/02/03/963811844/could-we-pay-back-the-earth-for-what-it-provides-a-new-report-offers-a-roadmap,NPR,Centrist
16,https://www.npr.org/2021/02/02/963485713/explosion-on-movie-set-ignites-california-brush-fire-critically-injures-three,NPR,Centrist
17,https://www.npr.org/2021/02/02/963014373/how-fast-will-biden-need-to-move-on-climate-really-really-fast,NPR,Centrist
18,https://www.npr.org/2021/01/14/955997915/federal-scientists-confirm-virtual-tie-for-hottest-year-on-record,NPR,Centrist
19,https://www.npr.org/2021/01/29/962235538/after-bidens-first-actions-on-climate-change-how-much-more-can-he-do-alone,NPR,Centrist
20,https://www.npr.org/2021/01/28/961777665/general-motors-aims-to-be-carbon-neutral-by-2040,NPR,Centrist
21,https://www.npr.org/2021/01/21/959233876/a-pesky-rumble-pink-bollworms-vs-cotton-farmers,NPR,Centrist
22,https://www.npr.org/2021/01/22/959583731/u-n-treaty-banning-nuclear-weapons-takes-effect-without-the-u-s-and-others,NPR,Centrist
23,https://www.npr.org/2021/01/22/956904171/americans-are-moving-to-escape-climate-impacts-towns-expect-more-to-come,NPR,Centrist
24,https://www.npr.org/2021/01/20/958472682/pandemic-drastically-cut-emissions-from-cars-the-lone-exception-suvs,NPR,Centrist
25,https://www.npr.org/2021/01/19/958542403/union-pushing-keystone-xl-faces-racial-discrimination-suit,NPR,Centrist
26,https://www.npr.org/2021/01/19/956005206/supreme-court-considers-baltimore-suit-against-oil-companies,NPR,Centrist
27,https://www.npr.org/2021/01/15/956925695/emma-schachner-how-did-dinosaurs-lungs-help-them-dominate-the-earth-for-so-long,NPR,Centrist
28,https://www.npr.org/2021/01/15/956918703/beth-gardiner-what-are-the-consequences-of-breathing-dirty-air,NPR,Centrist
29,https://www.npr.org/2021/01/14/956594763/pandemic-causes-historic-but-fleeting-drop-in-u-s-climate-emissions,NPR,Centrist
30,https://www.npr.org/2021/01/13/956592508/new-charges-in-flint-water-crisis-including-former-michigan-gov-rick-snyder,NPR,Centrist
31,https://www.npr.org/2021/01/13/956192132/progressives-gear-up-for-broad-new-push-on-climate-action,NPR,Centrist
32,https://www.npr.org/2021/01/11/954945486/trump-regulators-rule-would-force-banks-to-lend-to-gun-makers-and-oil-drillers,NPR,Centrist
33,https://www.npr.org/2021/01/06/953718234/major-oil-companies-take-a-pass-on-controversial-lease-sale-in-arctic-refuge,NPR,Centrist
34,https://www.npr.org/2021/01/03/951084913/homeless-in-seattle-get-help-from-city-waste-pumper,NPR,Centrist
35,https://www.npr.org/2021/01/01/951090723/after-decades-long-push-its-not-clear-who-will-bid-in-arctic-refuge-oil-lease-sa,NPR,Centrist
36,https://apnews.com/article/donald-trump-environment-iowa-lawsuits-biofuels-9b148042fbacd2b6f8e7af0178e27acc,AP,Centrist
37,https://apnews.com/article/israel-middle-east-lebanon-environment-nature-reserves-90143e883a841350fe28b259c68f4cdb,AP,Centrist
38,https://apnews.com/article/wildlife-oil-spills-israel-ba022d9e5fa65f78901d752daad3c190,AP,Centrist
39,https://apnews.com/article/3d4291063089460d9f32d87482f1364c,AP,Centrist
40,https://apnews.com/article/161c4638d88c4fe19b8797df33784815,AP,Centrist
41,https://apnews.com/article/5283261bea5d4a7ea66e886410436bfc,AP,Centrist
42,https://apnews.com/article/af749f3ae21940b1b1f34114824487d5,AP,Centrist
43,https://apnews.com/article/5c8264cbcb7b4081b4aecf4c442506cc,AP,Centrist
44,https://apnews.com/hub/what-can-be-saved,AP,Centrist
45,https://apnews.com/article/environment-water-quality-michigan-detroit-0337f4509ea4e30a468346f1dd999367,AP,Centrist
46,https://apnews.com/article/environment-carbondale-education-illinois-538c73dec0d302ed73b2c79f27b8df4f,AP,Centrist
47,https://apnews.com/article/environment-water-quality-vermont-lakes-st-johnsbury-c6437d0da1631fe4ddb0b9c657f0f6d8,AP,Centrist
48,https://apnews.com/article/technology-environment-pennsylvania-tom-wolf-electric-vehicles-11ee2b207c8e8f6ba3156363f003b0f9,AP,Centrist
49,https://apnews.com/article/legislation-virginia-environment-bills-pollution-115fbed1c57860db80078b1c0c55158b,AP,Centrist
50,https://apnews.com/article/environment-nebraska-accidents-wastewater-650174a0f2cd0d16283b69887cfd28d1,AP,Centrist
51,https://apnews.com/article/virginia-beach-legislation-virginia-environment-bills-94e8b8f41591bbb02b63a2382c5d58c4,AP,Centrist
52,https://apnews.com/article/business-mike-dewine-health-coronavirus-pandemic-environment-daf5ca2fe9dd12cba9e48b2ad762cc0b,AP,Centrist
53,https://apnews.com/article/un-climate-change-environment-crisis-df5f89784ec92aaf8a855f88bdd753c9,AP,Centrist
54,https://apnews.com/article/environment-montana-court-decisions-courts-billings-72d6fe62e1a8b43a49dcd9e143def2f4,AP,Centrist
55,https://apnews.com/article/roush-fenway-first-carbon-neutral-nascar-b9cb47c0c1e037ec0c91d19c63b6d281,AP,Centrist
56,https://apnews.com/article/environment-delaware-wastewater-dover-87345b57d734b0fb07dad0ed63070130,AP,Centrist
57,https://apnews.com/article/wildlife-deserts-fish-land-management-reno-4eb640373c3e9ae7c03f49719a81914f,AP,Centrist
58,https://apnews.com/article/legislature-hydraulic-fracturing-legislation-environment-oil-and-gas-industry-de0729eb3dfcea56dcdc11a83322e4d3,AP,Centrist
59,https://apnews.com/article/environment-west-virginia-1e1d2e7b4550833b9cd6ad33f2062997,AP,Centrist
60,https://apnews.com/article/new-mexico-south-carolina-30d3e3dd6a7633c833e6b61830983687,AP,Centrist
61,https://apnews.com/article/environment-climate-nevada-las-vegas-6da7e15044a13f184ef2ce1d4c5874aa,AP,Centrist
62,https://apnews.com/article/caribbean-paris-france-environment-puerto-rico-3a59aff30fed29c9083b48b5e762c163,AP,Centrist
63,https://apnews.com/article/joe-biden-biden-cabinet-cabinets-north-carolina-environment-1816c59453ddf89bb20652b11b9e26b7,AP,Centrist
64,https://apnews.com/article/national-parks-wildlife-animals-parks-environment-3b7fb0c439d0d534ba044f84da1c7432,AP,Centrist
65,https://apnews.com/article/environment-indiana-jasper-425bd2fabf5f6cc2fdde9b70e6ab4c38,AP,Centrist
66,https://apnews.com/article/pandemics-public-health-columbia-coronavirus-pandemic-environment-915a4584d7c16eaed2fb67e7c45ab0cf,AP,Centrist
67,https://apnews.com/article/new-hampshire-environment-smog-pollution-06cc4073e1319412a2452802a0a59104,AP,Centrist
68,https://apnews.com/article/environment-lincoln-accidents-wastewater-nebraska-686f6d6dd522e986d5285344d0f1d5f8,AP,Centrist
69,https://apnews.com/article/alaska-environment-wildlife-parks-national-parks-1b41da299c5e0dabf53ce1baf70f2b92,AP,Centrist
70,https://apnews.com/article/environment-indiana-wetlands-bills-876d6fe8cd802b1727440bd08611ccd6,AP,Centrist
71,https://apnews.com/article/joe-biden-climate-climate-change-gulf-of-mexico-oceans-07db2cbb5b23ea25a5d3f2040feb9f5a,AP,Centrist
72,https://apnews.com/article/voting-legislation-voting-rights-environment-voter-registration-84972103367099af4a1adff4a44d3c86,AP,Centrist
73,https://apnews.com/article/joe-biden-environment-wolves-wisconsin-wildlife-f92da0d99fa64d3638322e40310aef56,AP,Centrist
74,https://apnews.com/article/environment-clean-air-act-hazardous-waste-honolulu-hawaii-924e140c92029d92d8a4e7932ad3f61e,AP,Centrist
75,https://apnews.com/article/wisconsin-wolves-hunting-0133caf668de448fdd1f7976584bdff4,AP,Centrist
76,https://apnews.com/article/clean-air-act-puget-sound-mount-vernon-environment-seattle-3d3b8f9d4ca8dd184539516e40355bc7,AP,Centrist
77,https://apnews.com/article/environmental-education-earth-day-coronavirus-pandemic-environment-west-virginia-80b07241b6be516b46d456c9dd9bea63,AP,Centrist
78,https://apnews.com/article/environment-minnesota-pollution-d7009569b66a8f3d80addf557face928,AP,Centrist
79,https://apnews.com/article/north-america-minnesota-environment-courts-water-pollution-0b9abe274f291388c5ff5a31e5fc9c3c,AP,Centrist
80,https://apnews.com/article/business-mike-dewine-health-coronavirus-pandemic-environment-675fcf80d530b2d236a9124a5a5c573d,AP,Centrist
81,https://apnews.com/article/wyoming-environment-oil-spills-wastewater-texas-cac003d2bcd028997f9cbf7a353ee2d0,AP,Centrist
82,https://apnews.com/article/joe-biden-climate-climate-change-john-bel-edwards-gulf-of-mexico-9fd12aa0235073580c846582f7f43117,AP,Centrist
83,https://apnews.com/article/wildfires-los-alamos-environment-fires-new-mexico-df654c925182c1ef289e2c0f80f7aa56,AP,Centrist
84,https://apnews.com/article/health-environment-seattle-coronavirus-pandemic-35ce1292dc7f7a3e94cecd5dd59c1bd6,AP,Centrist
85,https://apnews.com/article/environment-maine-847342d3a112b97ae9c5c210205cfa38,AP,Centrist
86,https://apnews.com/article/joe-biden-politics-biden-cabinet-lisa-jackson-environment-dcd5bf54b192e17504ef07ef50393a4b,AP,Centrist
87,https://apnews.com/article/oceans-environment-ocean-acidification-massachusetts-pollution-e5ec407912821c00ebb92e3536b39797,AP,Centrist
88,https://apnews.com/article/legislation-hawaii-environment-honolulu-bills-a67203301227b94c11890a0e3cb27515,AP,Centrist
89,https://apnews.com/article/new-york-environment-border-patrols-canada-vermont-bdecb284c15e8a0d64e0cff0649f23bb,AP,Centrist
90,https://apnews.com/article/environment-washington-hazardous-waste-c4494ec30538b1886c265818734467ce,AP,Centrist
91,https://www.nytimes.com/2021/02/22/climate/deb-haaland-interior.html,NYT,Towards Left
92,https://www.nytimes.com/2021/02/23/climate/john-kerry-united-nations.html,NYT,Towards Left
93,https://www.nytimes.com/2021/02/22/climate/arctic-refuge-seismic-survey.html,NYT,Towards Left
94,https://www.nytimes.com/2021/02/20/climate/united-states-infrastructure-storms.html,NYT,Towards Left
95,https://www.nytimes.com/2021/02/09/climate/catalytic-converter-theft.html,NYT,Towards Left
96,https://www.nytimes.com/2021/02/22/business/energy-environment/corporations-climate-change.html,NYT,Towards Left
97,https://www.nytimes.com/2021/02/22/climate/flood-insurance-fema.html,NYT,Towards Left
98,https://www.nytimes.com/2021/02/21/us/winter-storm-west-coast.html,NYT,Towards Left
99,https://www.nytimes.com/2021/02/19/climate/wood-banks-winter-maine.html,NYT,Towards Left
100,https://www.nytimes.com/2021/02/19/books/imbolo-mbue-how-beautiful-we-were.html,NYT,Towards Left
101,https://www.nytimes.com/2021/02/18/science/laschamp-earth-magnetic-climate.html,NYT,Towards Left
102,https://www.nytimes.com/2021/02/18/business/energy-environment/california-texas-blackouts-utilities.html,NYT,Towards Left
103,https://www.nytimes.com/2021/02/18/business/economy/federal-reserve-climate-change-banks.html,NYT,Towards Left
104,https://www.nytimes.com/2021/02/18/science/black-footed-ferret-clone.html,NYT,Towards Left
105,https://www.nytimes.com/2021/02/17/climate/texas-blackouts-disinformation.html,NYT,Towards Left
106,https://www.nytimes.com/2021/02/17/climate/storms-power-outage-newsletter.html,NYT,Towards Left
107,https://www.nytimes.com/2021/02/17/business/dealbook/citigroup-900-million.html,NYT,Towards Left
108,https://www.nytimes.com/2021/02/17/podcasts/the-daily/texas-statewide-blackout-climate-change.html,NYT,Towards Left
109,https://www.nytimes.com/2021/02/17/business/ford-says-it-will-phase-out-gasoline-powered-vehicles-in-europe.html,NYT,Towards Left
110,https://www.nytimes.com/2021/02/17/climate/regenerative-grazing-cattle-climate.html,NYT,Towards Left
111,https://www.nytimes.com/2021/02/16/business/winter-storm-business-disruptions.html,NYT,Towards Left
112,https://www.nytimes.com/2021/02/16/climate/texas-blackout-storm-minorities.html,NYT,Towards Left
113,https://www.nytimes.com/2021/02/16/climate/texas-power-grid-failures.html,NYT,Towards Left
114,https://www.nytimes.com/2021/02/16/business/dealbook/diversity-corporate-boardrooms.html,NYT,Towards Left
115,https://www.nytimes.com/2021/02/16/business/energy-environment/electric-car-batteries-investment.html,NYT,Towards Left
116,https://www.nytimes.com/2021/02/15/world/asia/climate-activist-jailed-india.html,NYT,Towards Left
117,https://www.nytimes.com/2021/02/15/travel/cuba-clean-water.html,NYT,Towards Left
118,https://www.nytimes.com/2021/02/15/climate/pandemic-lunches-leftovers.html,NYT,Towards Left
119,https://www.nytimes.com/2021/02/15/books/review/bill-gates-how-to-avoid-a-climate-disaster.html,NYT,Towards Left
120,https://www.nytimes.com/2021/02/14/us/winter-storm-snow-ice.html,NYT,Towards Left
121,https://www.nytimes.com/2021/02/11/climate/biden-climate-change.html,NYT,Towards Left
122,https://www.nytimes.com/2021/02/10/science/sawfish-extinction-conservation.html,NYT,Towards Left
123,https://www.nytimes.com/2021/02/10/climate/nyt-climate-newsletter-catalytic-converters.html,NYT,Towards Left
124,https://www.nytimes.com/2021/02/10/climate/ozone-layer-china-cfcs.html,NYT,Towards Left
125,https://www.nytimes.com/2021/02/10/business/gm-profits-electric-cars.html,NYT,Towards Left
126,https://www.nytimes.com/2021/02/08/climate/climate-change-flash-flood-india.html,NYT,Towards Left
127,https://www.nytimes.com/2021/02/08/climate/africa-pollution-climate-change.html,NYT,Towards Left
128,https://www.nytimes.com/2021/02/08/climate/climate-change-pollen-season.html,NYT,Towards Left
129,https://www.nytimes.com/2021/02/08/world/asia/india-flood-ignored-warnings.html,NYT,Towards Left
130,https://www.nytimes.com/2021/02/08/business/oil-companies-offshore-wind-britain.html,NYT,Towards Left
131,https://www.nytimes.com/2021/02/08/travel/mississippi-river.html,NYT,Towards Left
132,https://www.nytimes.com/2021/02/08/climate/coal-climate-change.html,NYT,Towards Left
133,https://www.nytimes.com/2021/02/07/world/asia/india-glacier-flood-uttarakhand.html,NYT,Towards Left
134,https://www.nytimes.com/2021/02/06/nyregion/snow-storm.html,NYT,Towards Left
135,https://www.nytimes.com/2021/02/05/podcasts/climate-change-podcast-sound.html,NYT,Towards Left
136,https://www.nytimes.com/2021/02/05/world/asia/pacific-islands-forum.html,NYT,Towards Left
137,https://www.nytimes.com/2021/02/04/science/paul-crutzen-dead.html,NYT,Towards Left
138,https://www.nytimes.com/2021/02/04/us/politics/biden-approval-rating-republicans.html,NYT,Towards Left
139,https://www.nytimes.com/2021/02/04/science/ocean-marine-noise-pollution.html,NYT,Towards Left
140,https://www.nytimes.com/2021/02/04/science/volcano-mice-pinatubo.html,NYT,Towards Left
141,https://www.nytimes.com/2021/02/04/climate/climate-anxiety-stress.html,NYT,Towards Left
142,https://www.nytimes.com/2021/02/04/magazine/george-clooney-midnight-sky.html,NYT,Towards Left
143,https://www.nytimes.com/2021/02/03/us/politics/jim-justice-manchin-west-virginia.html,NYT,Towards Left
144,https://www.nytimes.com/2021/02/03/climate/electric-vehicles.html,NYT,Towards Left
145,https://www.nytimes.com/2021/02/03/science/lizards-body-temperature.html,NYT,Towards Left
146,https://www.nytimes.com/2021/02/03/world/europe/france-emissions-court.html,NYT,Towards Left
147,https://www.nytimes.com/2021/02/02/climate/dasgupta-report-biodiversity-climate.html,NYT,Towards Left
148,https://www.nytimes.com/2021/02/02/climate/automakers-climate-change.html,NYT,Towards Left
149,https://www.nytimes.com/2021/02/02/business/energy-environment/exxon-mobil-bp-2020-loss.html,NYT,Towards Left
150,https://www.nytimes.com/2021/02/02/climate/cities-greenhouse-gas-emissions.html,NYT,Towards Left
151,https://www.nytimes.com/2021/02/02/podcasts/the-daily/biden-climate-agenda.html,NYT,Towards Left
152,https://www.nytimes.com/2021/02/02/climate/biden-epa.html,NYT,Towards Left
153,https://www.nytimes.com/2021/02/01/climate/puerto-rico-maria-federal-aid.html,NYT,Towards Left
154,https://www.nytimes.com/2021/02/01/business/energy-environment/exxon-mobil-carbon-capture.html,NYT,Towards Left
155,https://www.nytimes.com/2021/02/01/well/eat/climate-change-health.html,NYT,Towards Left
156,https://www.nytimes.com/2021/01/31/climate/black-farmers-discrimination-agriculture.html,NYT,Towards Left
157,https://www.nytimes.com/2021/01/30/climate/polar-vortex-weather-climate-change.html,NYT,Towards Left
158,https://www.nytimes.com/2021/01/29/business/general-motors-electric-cars.html,NYT,Towards Left
159,https://www.nytimes.com/2021/01/29/climate/gm-electric-cars-power-grid.html,NYT,Towards Left
160,https://www.nytimes.com/2021/01/29/climate/biden-amazon-deforestation.html,NYT,Towards Left
161,https://www.nytimes.com/2021/01/28/obituaries/eleanor-sandy-torrey-west-dead.html,NYT,Towards Left
162,https://www.nytimes.com/2021/01/28/business/gm-zero-emission-vehicles.html,NYT,Towards Left
163,https://www.nytimes.com/2021/01/28/us/politics/biden-climate-economy-jobs.html,NYT,Towards Left
164,https://www.nytimes.com/2021/01/27/us/doomsday-clock-midnight.html,NYT,Towards Left
165,https://www.nytimes.com/2021/01/27/climate/sharks-population-study.html,NYT,Towards Left
166,https://www.nytimes.com/2021/01/27/climate/biden-nyt-climate-newsletter.html,NYT,Towards Left
167,https://www.nytimes.com/2021/01/27/climate/biden-climate-executive-orders.html,NYT,Towards Left
168,https://www.nytimes.com/2021/01/27/climate/jennifer-granholm-senate-confirmation.html,NYT,Towards Left
169,https://www.nytimes.com/2021/01/27/climate/climate-change-biden-kerry.html,NYT,Towards Left
170,https://www.nytimes.com/2021/01/26/climate/biden-climate-change.html,NYT,Towards Left
171,https://www.nytimes.com/2021/01/26/climate/pfas-firefighter-safety.html,NYT,Towards Left
172,https://www.nytimes.com/2021/01/26/business/dealbook/larry-fink-blackrock-climate.html,NYT,Towards Left
173,https://www.nytimes.com/2021/01/26/business/dealbook/larry-fink-letter-blackrock-climate.html,NYT,Towards Left
174,https://www.nytimes.com/2021/01/26/fashion/sustainability-clothes-environment-technology.html,NYT,Towards Left
175,https://www.nytimes.com/2021/01/25/climate/biden-climate-change.html,NYT,Towards Left
176,https://www.nytimes.com/2021/01/25/climate/fema-climate-spending-biden.html,NYT,Towards Left
177,https://www.nytimes.com/2021/01/25/arts/music/weather-station-ignorance.html,NYT,Towards Left
178,https://www.nytimes.com/2021/01/25/travel/remote-weather-station-iceland.html,NYT,Towards Left
179,https://www.nytimes.com/2021/01/22/books/review/scorched-earth-emmanuel-kreike-how-to-prepare-for-climate-change-david-pogue-how-to-blow-up-a-pipeline-andreas-malm.html,NYT,Towards Left
180,https://www.nytimes.com/2021/01/22/us/california-rain.html,NYT,Towards Left
181,https://www.nytimes.com/2021/01/22/science/seabirds-covid-tourism.html,NYT,Towards Left
182,https://www.nytimes.com/2021/01/22/podcasts/the-daily/joe-biden-covid-environment-immigration-executive-orders.html,NYT,Towards Left
183,https://www.nytimes.com/2021/01/22/climate/biden-environment.html,NYT,Towards Left
184,https://www.nytimes.com/2021/01/21/climate/buttigieg-climate-transportation.html,NYT,Towards Left
185,https://www.nytimes.com/2021/01/21/climate/biden-paris-climate-agreement.html,NYT,Towards Left
186,https://www.nytimes.com/2021/01/20/us/biden-executive-orders.html,NYT,Towards Left
187,https://www.nytimes.com/2021/01/20/climate/biden-paris-climate-agreement.html,NYT,Towards Left
188,https://www.nytimes.com/2021/01/20/climate/washington-salmon-extinction-climate-change.html,NYT,Towards Left
189,https://www.nytimes.com/2021/01/20/climate/biden-inauguration-climate.html,NYT,Towards Left
190,https://www.nytimes.com/2021/01/20/business/energy-environment/suriname-oil-discovery.html,NYT,Towards Left
191,https://www.nytimes.com/2021/01/19/climate/biden-climate-change.html,NYT,Towards Left
192,https://www.nytimes.com/2021/01/19/climate/trump-climate-change.html,NYT,Towards Left
193,https://www.nytimes.com/2021/01/19/climate/supreme-court-baltimore-climate-change.html,NYT,Towards Left
194,https://www.nytimes.com/2021/01/18/us/politics/biden-cancel-keystone-xl-pipeline.html,NYT,Towards Left
195,https://www.nytimes.com/2021/01/18/climate/live-event-netting-zero-fossil-fuel.html,NYT,Towards Left
196,https://www.nytimes.com/2021/01/18/travel/rural-alaska-skiing.html,NYT,Towards Left
197,https://www.nytimes.com/2021/01/18/climate/carbon-removal-technology.html,NYT,Towards Left
198,https://www.nytimes.com/2021/01/17/podcasts/the-daily/valve-turners-climate-activists.html,NYT,Towards Left
199,https://www.nytimes.com/2021/01/13/climate/the-capitol-riot-and-climate-disinformation.html,NYT,Towards Left
200,https://www.nytimes.com/2021/01/12/climate/2020-greenhouse-gas-emissions.html,NYT,Towards Left
201,https://www.nytimes.com/2021/01/08/climate/hottest-year-ever.html,NYT,Towards Left
202,https://www.nytimes.com/2021/01/07/climate/capitol-riots-arrests-climate.html,NYT,Towards Left
203,https://www.washingtonpost.com/climate-environment/2021/02/23/deb-haaland-interior-secretary-hearing/,WP,Towards Left
204,https://www.washingtonpost.com/climate-environment/2021/02/23/climate-change-natural-gas/,WP,Towards Left
205,https://www.washingtonpost.com/climate-environment/2021/01/21/tracking-bidens-environmental-actions/,WP,Towards Left
206,https://www.washingtonpost.com/politics/2021/02/18/energy-202-democrats-eye-climate-big-infrastructure-push/,WP,Towards Left
207,https://www.washingtonpost.com/politics/2021/02/17/energy-202-frozen-wind-turbines-arent-why-texas-cant-keep-lights/,WP,Towards Left
208,https://www.washingtonpost.com/politics/2021/02/16/energy-202-how-bitter-cold-snap-is-crippling-power-texas/,WP,Towards Left
209,https://www.washingtonpost.com/climate-environment/2021/02/19/climate-paris-accord/,WP,Towards Left
210,https://www.washingtonpost.com/climate-environment/2021/02/19/haaland-interior-native-american/,WP,Towards Left
211,https://www.washingtonpost.com/climate-solutions/2021/02/18/climate-solutions-alps/,WP,Towards Left
212,https://www.washingtonpost.com/nation/2021/02/17/animals-texas-winter-storm-turtles/,WP,Towards Left
213,https://www.washingtonpost.com/climate-environment/2021/02/15/these-gases-your-grocerys-freezer-are-fueling-climate-change-biden-wants-fix-that/,WP,Towards Left
214,https://www.washingtonpost.com/climate-environment/2021/02/12/epa-jettison-major-obama-climate-rule-biden-eyes-bigger-push/,WP,Towards Left
215,https://www.washingtonpost.com/health/2021/02/10/carbon-dioxide-device-coronavirus/,WP,Towards Left
216,https://www.washingtonpost.com/climate-environment/2021/02/09/countries-must-ramp-up-climate-pledges-by-80-percent-hit-key-paris-target-study-finds/,WP,Towards Left
217,https://www.washingtonpost.com/climate-environment/2021/02/06/auto-industry-peers-into-an-electric-future-sees-bumps-ahead/,WP,Towards Left
218,https://www.washingtonpost.com/climate-solutions/2021/02/04/climate-solutions-avocados/,WP,Towards Left
219,https://www.washingtonpost.com/climate-environment/2021/02/03/epa-regan-hearing/,WP,Towards Left
220,https://www.washingtonpost.com/climate-solutions/2021/02/03/climate-empire-state-wind/,WP,Towards Left
221,https://www.washingtonpost.com/climate-solutions/2021/02/02/climate-solutions-quiz/,WP,Towards Left
222,https://www.washingtonpost.com/climate-environment/2021/02/01/trump-secret-science/,WP,Towards Left
223,https://www.washingtonpost.com/local/obituaries/paul-crutzen-dead/2021/01/29/97e9c200-6244-11eb-afbe-9a11a127d146_story.html,WP,Towards Left
224,https://www.washingtonpost.com/climate-environment/2021/01/28/trump-blm-reorganization/,WP,Towards Left
225,https://www.washingtonpost.com/climate-solutions/2021/01/28/biden-federal-fleet-electric/,WP,Towards Left
226,https://www.washingtonpost.com/climate-environment/2021/01/28/general-motors-electric/,WP,Towards Left
227,https://www.washingtonpost.com/climate-environment/2021/01/27/biden-climate-change/,WP,Towards Left
228,https://www.washingtonpost.com/climate-solutions/2021/01/27/climate-curioius-weatherization/,WP,Towards Left
229,https://www.washingtonpost.com/climate-environment/2021/01/26/biden-environmental-justice-climate/,WP,Towards Left
230,https://www.washingtonpost.com/climate-environment/2021/01/25/biden-drilling-moratorium/,WP,Towards Left
231,https://www.washingtonpost.com/climate-environment/2021/01/25/manchin-climate-congress/,WP,Towards Left
232,https://www.washingtonpost.com/climate-environment/2021/01/25/ice-melt-quickens-greenland-glaciers/,WP,Towards Left
233,https://www.washingtonpost.com/climate-solutions/2021/01/22/climate-regenerative-agriculture/,WP,Towards Left
234,https://www.washingtonpost.com/climate-environment/2021/01/20/biden-climate-change-inauguration/,WP,Towards Left
235,https://www.washingtonpost.com/climate-environment/2021/01/19/federal-circuit-court-scraps-trump-administration-power-plant-rules/,WP,Towards Left
236,https://www.washingtonpost.com/climate-environment/2021/01/18/president-elect-biden-kill-keystone-xl-pipeline-fight-climate-change/,WP,Towards Left
237,https://www.washingtonpost.com/climate-environment/2021/01/15/trump-environmental-rollbacks/,WP,Towards Left
238,https://www.washingtonpost.com/climate-environment/2021/01/15/french-oil-giant-total-quits-american-petroleum-institute/,WP,Towards Left
239,https://www.washingtonpost.com/climate-environment/2021/01/14/biden-climate-staff/,WP,Towards Left
240,https://www.washingtonpost.com/climate-environment/interactive/2021/2020-tied-for-hottest-year-on-record/,WP,Towards Left
241,https://www.washingtonpost.com/climate-environment/2021/01/13/new-orange-bat/,WP,Towards Left
242,https://www.washingtonpost.com/climate-environment/2021/01/12/flint-water-crisis-rick-snyder/?itid=sf_climate-environment,WP,Towards Left
243,https://www.washingtonpost.com/climate-environment/2021/01/12/flint-water-crisis-rick-snyder/,WP,Towards Left
244,https://www.washingtonpost.com/climate-environment/2021/01/12/trump-epa-scott-pruitt/,WP,Towards Left
245,https://www.washingtonpost.com/climate-solutions/2021/01/12/climate-science-moms/,WP,Towards Left
246,https://www.washingtonpost.com/climate-solutions/2021/01/12/climate-solutions-united-airlines/?itid=sf_climate-environment,WP,Towards Left
247,https://www.washingtonpost.com/climate-solutions/2021/01/12/climate-solutions-united-airlines/,WP,Towards Left
248,https://www.washingtonpost.com/climate-environment/2021/01/11/invasive-hippos-escobar-colombia-castrate/,WP,Towards Left
249,https://www.washingtonpost.com/climate-environment/2021/01/07/biden-climate-senate/,WP,Towards Left
250,https://www.washingtonpost.com/climate-environment/2021/01/06/trump-arctic-national-wildlife-refuge-polar-bears/,WP,Towards Left
251,https://www.washingtonpost.com/climate-environment/2021/01/05/new-trump-rule-says-its-okay-unintentionally-kill-scores-birds-biden-can-overturn-it/,WP,Towards Left
252,https://www.washingtonpost.com/climate-environment/2021/01/04/epa-scientific-transparency/?itid=sf_climate-environment,WP,Towards Left
253,https://www.washingtonpost.com/climate-environment/2021/01/04/epa-scientific-transparency/,WP,Towards Left
254,https://www.huffpost.com/entry/wisconsin-wolf-hunt_n_60330622c5b66da5dba26725,HP,Far Left
255,https://www.huffpost.com/entry/trump-wall-what-happens-now-biden_n_6031ac63c5b66dfc101f1a35,HP,Far Left
256,https://www.huffpost.com/entry/12-animals-dead-texas-animal-sanctuary_n_602efe0ac5b66dfc101d640c,HP,Far Left
257,https://www.huffpost.com/entry/bill-gates-texas-governor-actually-wrong_n_602e91b4c5b66dfc101d0275,HP,Far Left
258,https://www.huffpost.com/entry/bill-gates-climate-change-world-war_n_6029fe77c5b6f88289fce033,HP,Far Left
259,https://www.huffpost.com/entry/judge-mining-sage-grouse-proections_n_60274dfcc5b6d667582ceb98,HP,Far Left
260,https://www.huffpost.com/entry/cows-indiana-highway_n_600c4b83c5b6fe97669cde59,HP,Far Left
261,https://www.huffpost.com/entry/fossil-fuel-air-pollution_n_6022a51dc5b6c56a89a49185,HP,Far Left
262,https://www.huffpost.com/entry/trump-hotel-town-chicago-environmental-violations_n_601f1e08c5b6f38d06e42ab2,HP,Far Left
263,https://www.huffpost.com/entry/panda-snow-national-zoo_n_601769d6c5b63b0fb2821d28,HP,Far Left
264,https://www.huffpost.com/entry/world-welcomes-us-return-to-paris-climate-accord_n_60094fffc5b6df63a91d4fea,HP,Far Left
265,https://www.huffpost.com/entry/biden-paris-climate_n_60084fb9c5b697df1a0ad74e,HP,Far Left
266,https://www.huffpost.com/entry/solar-panels-help-struggling-farms_n_5fff2427c5b691806c4e9fee,HP,Far Left
267,https://www.huffpost.com/entry/biden-keystone-xl-pipeline-permit_n_60051931c5b6efae62f9d263,HP,Far Left
268,https://www.huffpost.com/entry/guardians-galaxy-dave-bautista-florida-trump-manatee_n_6003984ec5b697df1a062e50,HP,Far Left
269,https://www.huffpost.com/entry/sea-lions-surfing_n_6001b798c5b6efae62f82b22,HP,Far Left
270,https://www.huffpost.com/entry/direct-air-capture-climate-change-technology_n_5fffa043c5b691806c4f1c02,HP,Far Left
271,https://www.huffpost.com/entry/new-twist-emerges-in-trump-manatee-controversy_n_5ffdb8d3c5b6c77d85ea58f2,HP,Far Left
272,https://www.huffpost.com/entry/lasso-snakes-guam_n_5ffcd8a2c5b691806c4ba558,HP,Far Left
273,https://www.huffpost.com/entry/san-diego-zoo-safari-park-gorillas-coronavirus_n_5ffceeeec5b6567198885576,HP,Far Left
274,https://www.motherjones.com/environment/2021/02/texas-freeze-was-one-part-of-a-long-disaster-were-still-living-through/,MJ,Far Left
275,https://www.motherjones.com/environment/2021/02/nevada-lithium-mine-kicks-off-a-new-era-of-us-extraction/,MJ,Far Left
276,https://www.motherjones.com/environment/2021/02/nuclear-energy-climate-change-nuscale-green-power-uranium/,MJ,Far Left
277,https://www.motherjones.com/environment/2021/02/scientists-accidentally-discover-strange-creatures-under-a-half-mile-of-ice/,MJ,Far Left
278,https://www.motherjones.com/environment/2021/02/biden-declares-major-disaster-in-texas/,MJ,Far Left
279,https://www.motherjones.com/environment/2021/02/texas-is-finally-starting-to-thaw-millions-still-dont-have-water/,MJ,Far Left
280,https://www.motherjones.com/environment/2021/02/were-doing-disaster-planning-all-wrong/,MJ,Far Left
281,https://www.motherjones.com/environment/2021/02/biden-orders-review-of-trumps-assaults-on-americas-natural-treasures/,MJ,Far Left
282,https://www.motherjones.com/environment/2021/02/worlds-biggest-investor-blackrock-asks-oil-giants-to-reveal-their-carbon-emissions/,MJ,Far Left
283,https://www.motherjones.com/environment/2021/02/ethanol-emissions-joe-biden-biofuels/,MJ,Far Left
284,https://www.motherjones.com/environment/2021/02/ikeas-ambitious-plan-to-make-its-cheap-furniture-last-forever/,MJ,Far Left
285,https://www.motherjones.com/environment/2021/02/these-scientists-are-literally-allergic-to-their-research/,MJ,Far Left
286,https://www.motherjones.com/environment/2021/02/two-tricks-that-may-tame-your-cats-taste-for-furry-feathery-critters/,MJ,Far Left
287,https://www.motherjones.com/environment/2021/02/bidens-towering-conundrum-what-to-do-with-trumps-wall/,MJ,Far Left
288,https://www.motherjones.com/environment/2021/02/how-the-fossil-fuel-industry-convinced-americans-to-love-gas-stoves/,MJ,Far Left
289,https://www.motherjones.com/environment/2021/02/trumps-wall-feels-like-if-someone-got-a-knife-and-dragged-it-across-my-heart/,MJ,Far Left
290,https://www.motherjones.com/environment/2021/02/damage-wrought-by-trumps-border-wall-will-not-ever-be-remediated-or-mitigated/,MJ,Far Left
291,https://www.motherjones.com/environment/2021/02/american-cities-are-seriously-underreporting-their-carbon-footprints/,MJ,Far Left
292,https://www.motherjones.com/environment/2021/02/humans-are-walloping-sea-creatures-with-deadly-disorienting-noise/,MJ,Far Left
293,https://www.motherjones.com/environment/2021/02/the-forgotten-history-of-wyomings-black-miners/,MJ,Far Left
294,https://www.motherjones.com/environment/2021/01/criminal-charges-in-flints-water-fiasco-offers-a-mere-trickle-of-justice/,MJ,Far Left
295,https://www.motherjones.com/environment/2021/01/reversing-trumps-public-lands-free-for-all-wont-be-a-picnic/,MJ,Far Left
296,https://www.motherjones.com/environment/2021/01/sleek-legendary-huge-vulnerable-worlds-orcas-are-under-threat/,MJ,Far Left
297,https://www.motherjones.com/environment/2021/01/biden-signs-sweeping-executive-orders-on-climate-change/,MJ,Far Left
298,https://www.motherjones.com/environment/2021/01/timber-unity-capitol-riot/,MJ,Far Left
299,https://www.motherjones.com/environment/2021/01/blackrock-threatens-to-shed-some-of-its-massive-fossil-fuels-portfolio/,MJ,Far Left
300,https://www.motherjones.com/environment/2021/01/earth-has-lost-more-than-28-trillion-tons-of-ice-since-1994/,MJ,Far Left
301,https://www.motherjones.com/environment/2021/01/for-electric-car-adoption-this-battery-breakthrough-could-change-everything/,MJ,Far Left
302,https://www.motherjones.com/environment/2021/01/from-californias-central-valley-to-jakarta-our-aquifers-are-collapsing/,MJ,Far Left
303,https://www.motherjones.com/environment/2021/01/when-the-pandemic-gutted-oil-revenues-wind-power-rescued-wyomings-capital-city/,MJ,Far Left
304,https://www.motherjones.com/environment/2021/01/fighting-climate-change-could-define-kamala-harris-vice-presidency-watch-our-interview-with-her/,MJ,Far Left
305,https://www.motherjones.com/environment/2021/01/a-new-investigation-about-who-is-dying-from-heat-related-illness-should-be-a-wakeup-call-for-america/,MJ,Far Left
306,https://www.motherjones.com/environment/2021/01/biden-needs-to-hit-the-ground-running-on-climate-or-else/,MJ,Far Left
307,https://www.motherjones.com/environment/2021/01/our-laundry-is-fouling-arctic-seawater-with-microplastics/,MJ,Far Left
308,https://www.motherjones.com/environment/2021/01/amy-coney-barrett-set-to-hear-case-against-shell-her-dads-employer-for-29-years/,MJ,Far Left
309,https://www.motherjones.com/environment/2021/01/22-disasters-262-dead-95b-in-damages-twas-a-record-year-for-us-climate-mayhem/,MJ,Far Left
310,https://www.motherjones.com/environment/2021/01/batteries-power-you-car-now-how-about-your-city/,MJ,Far Left
311,https://www.motherjones.com/environment/2021/01/the-battle-for-the-black-hills/,MJ,Far Left
312,https://www.motherjones.com/environment/2021/01/climate-change-is-turning-our-cities-into-ovens/,MJ,Far Left
313,https://www.motherjones.com/environment/2021/01/global-temperatures-could-stabilize-scientists-say-if-we-do-the-following/,MJ,Far Left
314,https://www.motherjones.com/environment/2021/01/the-quickest-way-to-undo-trumps-environmental-mess-isnt-as-easy-as-youd-think/,MJ,Far Left
315,https://www.motherjones.com/environment/2021/01/ill-be-fierce-for-all-of-us-deb-haaland-on-climate-native-rights-and-joe-biden/,MJ,Far Left
316,https://www.motherjones.com/environment/2021/01/puerto-rican-scientists-mourn-the-loss-of-a-legendary-telescope/,MJ,Far Left
317,https://www.foxnews.com/opinion/biden-kerry-climate-dirty-secrets-decarbonization-rebecca-grant,Fox,Towards Right
318,https://www.foxnews.com/world/israel-beaches-covered-in-tar-after-oil-spill,Fox,Towards Right
319,https://www.foxnews.com/opinion/biden-revives-obama-policies-hurts-americans-michael-goodwin,Fox,Towards Right
320,https://www.foxnews.com/us/14m-texas-residents-still-under-boil-water-notices-as-tens-of-thousands-lack-running-water,Fox,Towards Right
321,https://www.foxnews.com/politics/trump-freeze-out-de-blasio-puts-former-presidents-nyc-rink-contracts-on-ice,Fox,Towards Right
322,https://www.foxnews.com/politics/biden-at-g7-will-pledge-4b-for-global-vaccines-stress-us-commitment-to-multilateralism,Fox,Towards Right
323,https://www.foxnews.com/politics/biden-reiterates-support-for-texas-in-call-with-gov-abbott-over-winter-storm-crisis-white-house-says,Fox,Towards Right
324,https://www.foxnews.com/us/texas-now-grapples-with-water-crisis-as-power-returns-to-nearly-2-million-homes,Fox,Towards Right
325,https://www.foxnews.com/auto/roush-fenway-becomes-nascars-carbon-neutral-team,Fox,Towards Right
326,https://www.foxnews.com/politics/bidens-economic-advise-climate-crisis-blackrock-deforestation,Fox,Towards Right
327,https://www.foxnews.com/opinion/tucker-carlson-texas-green-new-deal-climate-catastrophe,Fox,Towards Right
328,https://www.foxnews.com/politics/ny-lawmakers-advance-bill-to-rename-donald-j-trump-state-park,Fox,Towards Right
329,https://www.foxnews.com/food-drink/coke-debuts-first-new-bottle-size-in-decade,Fox,Towards Right
330,https://www.foxnews.com/politics/green-groups-mostly-silent-kerry,Fox,Towards Right
331,https://www.foxnews.com/politics/obama-center-in-chicago-estimated-at-500m-to-break-ground-this-year-despite-complaints-officials-say,Fox,Towards Right
332,https://www.foxnews.com/politics/gingrich-rips-kerry-pelosi-newsom-de-blasio,Fox,Towards Right
333,https://www.foxnews.com/politics/schumer-mcconnell-strike-deal-senate-power-sharing-agreement,Fox,Towards Right
334,https://www.foxnews.com/politics/john-kerry-private-jet-iceland-climate-award,Fox,Towards Right
335,https://www.foxnews.com/politics/biden-agriculture-secretary-nominee-farmers-climate-change-fight,Fox,Towards Right
336,https://www.foxnews.com/media/sean-hannity-biden-obsession-climate-change-political-tool,Fox,Towards Right
337,https://www.foxnews.com/media/environemntal-journalist-praises-bidens-week-of-climate-climaxing,Fox,Towards Right
338,https://www.foxnews.com/politics/john-kerry-family-private-jet-emissions,Fox,Towards Right
339,https://www.foxnews.com/media/hannity-challenges-biden-to-ground-government-jets-to-support-climate-concern,Fox,Towards Right
340,https://www.foxnews.com/entertainment/kenny-chesney-artificial-reef-florida-oceans-ecosystems,Fox,Towards Right
341,https://www.foxnews.com/media/laid-off-keystone-xl-worker-biden-climate-change-policies-jobs,Fox,Towards Right
342,https://www.foxnews.com/media/hannity-slams-bidens-climate-plan-mark-my-words-this-will-not-end-well,Fox,Towards Right
343,https://www.foxnews.com/politics/republicans-push-back-on-bidens-new-energy-policies-warn-of-job-losses,Fox,Towards Right
344,https://www.foxnews.com/politics/bidens-keystone-xl-gina-mccarthy-jobs-sacrifice,Fox,Towards Right
345,https://www.foxnews.com/us/atmospheric-river-flooding-forces-evacuations-in-california,Fox,Towards Right
346,https://www.foxnews.com/politics/schumer-suggests-biden-declare-climate-emergency,Fox,Towards Right
347,https://www.foxnews.com/opinion/environment-biden-energy-justin-haskins,Fox,Towards Right
348,https://www.foxnews.com/politics/crenshaw-biden-keystone-pipeline-working-class-minimum-wage,Fox,Towards Right
349,https://www.foxnews.com/politics/mcconnell-biden-took-several-steps-in-the-wrong-direction-on-day-one,Fox,Towards Right
350,https://www.foxnews.com/politics/deb-haaland-bidens-secretary-of-the-interior-nominee-explained,Fox,Towards Right
351,https://www.foxnews.com/politics/justin-trudeau-disappointed-biden-cancel-keystone-xl-pipeline,Fox,Towards Right
352,https://www.foxnews.com/politics/biden-administration-targets-hunters-day-one-regulations,Fox,Towards Right
353,https://www.foxnews.com/politics/kwame-kilpatricks-road-to-commutation,Fox,Towards Right
354,https://www.foxnews.com/opinion/biden-gop-democrats-national-security-bipartisan-fred-fleitz,Fox,Towards Right
355,https://www.foxnews.com/us/michigan-snyder-flint-water-crisis,Fox,Towards Right
356,https://www.foxnews.com/us/michigan-charge-ex-gov-snyder-flint,Fox,Towards Right
357,https://www.foxnews.com/politics/house-rules-paygo-green-new-deal,Fox,Towards Right
358,https://nypost.com/2021/02/19/un-huge-changes-in-society-needed-to-keep-nature-earth-ok/,NYP,Towards Right
359,https://nypost.com/2021/02/19/us-needs-to-brace-itself-for-more-deadly-storms-experts-say/,NYP,Towards Right
360,https://nypost.com/2021/02/18/ford-to-go-all-electric-in-europe-by-2030/,NYP,Towards Right
361,https://nypost.com/2021/02/16/scores-protest-in-india-against-arrest-of-climate-activist/,NYP,Towards Right
362,https://nypost.com/2021/02/10/plume-of-sahara-dust-caused-spike-in-european-air-pollution/,NYP,Towards Right
363,https://nypost.com/2021/02/09/himalayan-glacier-disaster-highlights-climate-change-risks/,NYP,Towards Right
364,https://nypost.com/2021/02/08/paris-courts-find-french-government-guilty-of-not-upholding-paris-agreement/,NYP,Towards Right
365,https://nypost.com/2021/02/05/nyc-sewage-plants-strangely-popular-valentines-day-tour-goes-virtual/,NYP,Towards Right
366,https://nypost.com/2021/02/05/under-the-sea-humans-have-changed-ocean-sounds/,NYP,Towards Right
367,https://nypost.com/2021/02/03/germany-says-it-beat-2020-goal-to-cut-greenhouse-emissions/,NYP,Towards Right
368,https://nypost.com/2021/02/03/study-pandemics-cleaner-air-added-heat-to-warming-planet/,NYP,Towards Right
369,https://nypost.com/2021/02/02/dozens-of-homes-destroyed-in-western-australian-bushfires/,NYP,Towards Right
370,https://nypost.com/2021/02/02/crews-work-to-repair-washed-out-scenic-highway-near-big-sur/,NYP,Towards Right
371,https://nypost.com/2021/01/30/bidens-climate-executive-orders-devastated-these-us-workers/,NYP,Towards Right
372,https://nypost.com/2021/01/28/empty-seas-oceanic-shark-populations-dropped-71-since-1970/,NYP,Towards Right
373,https://nypost.com/2021/01/28/mcconnell-biden-energy-restrictions-will-harm-economic-recovery/,NYP,Towards Right
374,https://nypost.com/2021/01/28/john-kerry-still-has-private-jet-while-fighting-climate-change-report/,NYP,Towards Right
375,https://nypost.com/2021/01/27/biden-pitches-green-new-deal-like-2t-environmental-plan/,NYP,Towards Right
376,https://nypost.com/2021/01/26/rubbish-covered-lake-brings-to-light-balkans-waste-problem/,NYP,Towards Right
377,https://nypost.com/2021/01/25/un-film-game-for-teens-focuses-on-protecting-ozone-layer/,NYP,Towards Right
378,https://nypost.com/2021/01/25/earth-is-losing-ice-faster-today-than-in-the-mid-1990s-study-suggests/,NYP,Towards Right
379,https://nypost.com/2021/01/23/bolsonaro-could-face-hague-over-destruction-of-amazon-rainforest/,NYP,Towards Right
380,https://nypost.com/2021/01/21/world-leaders-laud-us-return-to-climate-fight-under-biden/,NYP,Towards Right
381,https://nypost.com/2021/01/20/monarch-butterfly-population-moves-closer-to-extinction/,NYP,Towards Right
382,https://nypost.com/2021/01/19/joe-bidens-plan-to-kill-keystone-xl-pipeline-will-kill-jobs-insult-canada/,NYP,Towards Right
383,https://nypost.com/2021/01/18/joe-biden-plans-to-pull-keystone-xl-pipeline-permit-on-first-day-in-office/,NYP,Towards Right
384,https://nypost.com/2021/01/15/2020-sets-yet-another-global-temperature-record/,NYP,Towards Right
385,https://nypost.com/2021/01/12/scientists-decry-death-by-1000-cuts-for-worlds-insects/,NYP,Towards Right
386,https://nypost.com/2021/01/12/volkswagen-triples-electric-car-sales-ahead-of-climate-rules/,NYP,Towards Right
387,https://nypost.com/2021/01/12/study-wildfires-produced-up-to-half-of-pollution-in-us-west/,NYP,Towards Right
388,https://nypost.com/2021/01/11/wielding-machetes-and-calipers-sweat-soaked-scientists-count-carbon-in-amazon/,NYP,Towards Right
389,https://nypost.com/2021/01/08/one-third-of-americas-rivers-have-changed-color-since-1984/,NYP,Towards Right
390,https://nypost.com/2021/01/08/giant-sinkhole-consumes-cars-in-naples-hospital-parking-lot/,NYP,Towards Right
391,https://nypost.com/2021/01/08/2020-australia-its-4th-hottest-year-in-2020/,NYP,Towards Right
392,https://nypost.com/2021/01/08/data-shows-2020-was-europes-warmest-year-on-record/,NYP,Towards Right
393,https://nypost.com/2021/01/06/more-garbage-than-water-serbia-promises-clean-up-of-hydro-reservoir/,NYP,Towards Right
394,https://nypost.com/2021/01/06/russian-divers-hunt-for-ancient-bones-in-frozen-river/,NYP,Towards Right
395,https://nypost.com/2021/01/06/reawakened-yellowstone-geyser-wont-predict-the-volcanic-big-one/,NYP,Towards Right
396,https://nypost.com/2021/01/05/study-warming-already-baked-in-will-blow-past-climate-goals/,NYP,Towards Right
397,https://www.nationalreview.com/2021/02/ask-an-engineer/,NR,Far Right
398,https://www.nationalreview.com/corner/john-kerrys-ego-demands-a-private-jet/,NR,Far Right
399,https://www.nationalreview.com/corner/windmill-politics/,NR,Far Right
400,https://www.nationalreview.com/2021/02/our-descent-into-collective-madness/,NR,Far Right
401,https://www.nationalreview.com/2021/02/understanding-the-texas-blackouts/,NR,Far Right
402,https://www.nationalreview.com/2021/02/keep-oil-tariffs-out-of-the-policy-pipeline/,NR,Far Right
403,https://www.nationalreview.com/2021/02/bill-gatess-climate-hysteria/,NR,Far Right
404,https://www.nationalreview.com/corner/bill-gatess-plan-to-destroy-animal-agriculture/,NR,Far Right
405,https://www.nationalreview.com/corner/why-texas-went-dark/,NR,Far Right
406,https://www.nationalreview.com/2021/02/putins-corrupt-pipeline-is-on-life-support/,NR,Far Right
407,https://www.nationalreview.com/corner/green-energy-useless-during-cold-snaps/,NR,Far Right
408,https://www.nationalreview.com/corner/ixnay-on-ismay/,NR,Far Right
409,https://www.nationalreview.com/2021/02/hurting-the-economy-without-helping-the-climate-weve-got-this-inside-out/,NR,Far Right
410,https://www.nationalreview.com/2021/02/u-s-offshore-wind-prospects-overblown-promises-and-blown-up-costs/,NR,Far Right
411,https://www.nationalreview.com/2021/02/the-u-s-is-squandering-its-energy-export-opportunity/,NR,Far Right
412,https://www.nationalreview.com/news/14-state-ags-claim-bidens-keystone-pipeline-decision-will-result-in-devastating-damage/,NR,Far Right
413,https://www.nationalreview.com/corner/dismay-at-ismay/,NR,Far Right
414,https://www.nationalreview.com/2021/02/a-lot-of-hot-air-about-offshore-wind/,NR,Far Right
415,https://www.nationalreview.com/news/kerry-defended-taking-private-jet-to-iceland-for-environmental-award-the-only-choice-for-somebody-like-me/,NR,Far Right
416,https://www.nationalreview.com/corner/the-biden-jobs-purge/,NR,Far Right
417,https://www.nationalreview.com/news/general-motors-plans-to-phase-out-gas-vehicles-by-2035/,NR,Far Right
418,https://www.nationalreview.com/corner/climate-negotiations-with-beijing-wont-come-without-significant-concessions/,NR,Far Right
419,https://www.nationalreview.com/2021/01/against-a-climate-emergency-power-grab/,NR,Far Right
420,https://www.nationalreview.com/the-morning-jolt/climate-change-does-not-mean-job-creation/,NR,Far Right
421,https://www.nationalreview.com/2021/01/bidens-climate-change-folly/,NR,Far Right
422,https://www.nationalreview.com/2021/01/chuck-schumer-begs-joe-biden-to-take-power-from-congress/,NR,Far Right
423,https://www.nationalreview.com/corner/schumer-calls-for-biden-to-declare-climate-emergency/,NR,Far Right
424,https://www.nationalreview.com/corner/union-foreman-to-biden-take-this-pink-slip-and-shove-it/,NR,Far Right
425,https://www.nationalreview.com/news/leader-of-canadian-province-urges-biden-admin-to-reconsider-keystone-xl-pipeline/,NR,Far Right
426,https://www.nationalreview.com/corner/yes-biden-wants-to-end-fracking/,NR,Far Right
427,https://www.nationalreview.com/2021/01/we-will-always-have-paris/,NR,Far Right
428,https://www.nationalreview.com/news/cruz-accuses-biden-of-prioritizing-foreigners-over-americans-by-rejoining-paris-climate-accord/,NR,Far Right
429,https://www.nationalreview.com/news/biden-rejoins-paris-climate-accord-in-first-climate-change-action/,NR,Far Right
430,https://www.nationalreview.com/2021/01/joe-biden-to-canada-drop-dead/,NR,Far Right
431,https://www.nationalreview.com/2021/01/bidens-foolish-sabotage-of-the-keystone-pipeline/,NR,Far Right
432,https://www.nationalreview.com/corner/climate-legislation-by-regulation-now-the-sec/,NR,Far Right
433,https://www.nationalreview.com/corner/green-bubble-inflating/,NR,Far Right
434,https://www.nationalreview.com/2021/01/alaska-auction-shows-oil-and-gas-are-in-trouble/,NR,Far Right
435,https://www.nationalreview.com/magazine/2021/01/25/trumps-environmental-progress/,NR,Far Right
436,https://www.nationalreview.com/corner/world-medical-association-wants-worldwide-climate-emergency-declared/,NR,Far Right
437,https://www.dailywire.com/news/bill-gates-eliminate-all-greenhouse-gas-in-30-years-or-else-world-will-be-5x-worse-than-pandemic,DW,Far Right
438,https://www.dailywire.com/news/3-recent-failures-of-green-energy-policies,DW,Far Right
439,https://www.dailywire.com/news/beto-orourke-blames-gop-for-texas-natural-disaster-calls-culture-debates-stupid,DW,Far Right
440,https://www.dailywire.com/news/bill-gates-admits-climate-change-policies-may-cause-some-dislocation-for-2-8-million-americans-who-work-the-in-oil-and-gas-industry,DW,Far Right
441,https://www.dailywire.com/news/bill-gates-rich-countries-should-be-eating-100-synthetic-beef,DW,Far Right
442,https://www.dailywire.com/news/united-airlines-announces-1-billion-deal-to-buy-flying-taxis-for-airport-shuttles,DW,Far Right
443,https://www.dailywire.com/news/idaho-congressman-looks-to-spend-33-billion-to-remove-dams-to-save-salmon-population,DW,Far Right
444,https://www.dailywire.com/news/as-prices-surge-bitcoin-now-reportedly-consumes-more-electricity-than-argentina-netherlands-and-uae,DW,Far Right
445,https://www.dailywire.com/news/more-than-100-republicans-to-biden-reverse-devastating-climate-executive-order,DW,Far Right
446,https://www.dailywire.com/news/four-dangerous-new-democrat-bills-that-you-probably-havent-heard-of,DW,Far Right
447,https://www.dailywire.com/news/france-isnt-meeting-its-own-paris-climate-accord-commitments,DW,Far Right
448,https://www.dailywire.com/news/massachusetts-climate-official-on-people-producing-emissions-we-have-to-break-your-will,DW,Far Right
449,https://www.dailywire.com/news/senator-kennedy-bidens-energy-agenda-going-to-gut-my-state-hurt-america-will-destroy-our-energy-independence,DW,Far Right
450,https://www.dailywire.com/news/climate-czar-john-kerry-on-private-jet-travel-its-the-only-choice-for-somebody-like-me,DW,Far Right
451,https://www.dailywire.com/news/bidens-climate-agenda-wont-replace-jobs-it-seeks-to-kill-separate-ap-wapo-fact-checks-suggest,DW,Far Right
452,https://www.dailywire.com/news/cruz-shreds-centimillionaire-kerry-for-telling-oil-industry-workers-to-get-new-jobs-making-solar-panels,DW,Far Right
453,https://www.dailywire.com/news/dan-crenshaw-rips-john-kerry-for-telling-laid-off-oil-workers-to-go-make-the-solar-panels,DW,Far Right
454,https://www.dailywire.com/news/democrat-john-kerrys-family-owns-private-jet-despite-his-role-combating-fossil-fuels-in-biden-admin-report,DW,Far Right
455,https://www.dailywire.com/news/john-kerry-paris-agreement-not-enough,DW,Far Right
456,https://www.dailywire.com/news/watch-biden-nominee-for-commerce-wont-rule-out-gas-tax-funding-climate-change-agenda,DW,Far Right
457,https://www.dailywire.com/news/bidens-climate-team-systemic-racism-is-to-blame-for-climate-change,DW,Far Right
458,https://www.dailywire.com/news/team-biden-vows-decisive-action-on-four-crises-in-first-ten-days,DW,Far Right
